1,A
2,F
3,D
4,I
5,E
6,D
7,E
8,B
9,G
10,H
11,C
12,A
13,G
14,I
15,G
16,B
17,C
18,G
19,D
20,I
21,D
22,A
23,A
24,C
25,D
26,G
27,H
28,G
29,H
30,G
31,A
32,B
33,C
34,C
35,G
36,H
37,A
38,D
39,B
40,G
41,A
42,F
43,H
44,C
45,I
46,E
47,E
48,I
49,G
50,I
51,E
52,C
53,F
54,A
55,I
56,C
57,A
58,E
59,D
60,A
61,E
62,E
63,C
64,F
65,F
66,E
67,H
68,G
69,H
70,F
71,H
72,D
73,H
74,B
75,G
76,C
77,B
78,C
79,B
80,A
81,F
82,D
83,B
84,I
85,I
86,A
87,C
88,D
89,F
90,E
91,B
92,C
93,D
94,G
95,I
96,G
97,H
98,F
99,I
100,G
101,A
102,H
103,H
104,G
105,H
106,E
107,G
108,E
109,C
110,F
111,C
112,G
113,H
114,G
115,D
116,F
117,B
118,B
119,G
120,G
121,I
122,I
123,I
124,A
125,E
126,D
127,G
128,F
129,B
130,H
131,I
132,B
133,F
134,A
135,D
136,A
137,A
138,C
139,G
140,F
141,D
142,A
143,E
144,C
145,F
146,I
147,A
148,G
149,I
150,G
151,E
152,C
153,A
154,H
155,I
156,B
157,A
158,F
159,F
160,A
161,D
162,I
163,E
164,H
165,D
166,A
167,A
168,A
169,G
170,F
171,G
172,F
173,I
174,A
175,C
176,E
177,B
178,I
179,B
180,D
181,C
182,F
183,A
184,A
185,D
186,A
187,F
188,E
189,A
190,D
191,D
192,D
193,H
194,G
195,C
196,F
197,A
198,F
199,I
200,G
201,D
202,A
203,G
204,E
205,H
206,H
207,A
208,F
209,C
210,E
211,E
212,C
213,H
214,B
215,G
216,B
217,A
218,F
219,E
220,C
221,H
222,I
223,C
224,F
225,E
226,I
227,D
228,H
229,D
230,C
231,G
232,I
233,A
234,D
235,I
236,E
237,H
238,F
239,C
240,B
241,B
242,A
243,E
244,F
245,C
246,E
247,D
248,G
249,B
250,G
251,C
252,E
253,H
254,E
255,H
256,C
257,I
258,I
259,H
260,D
261,H
262,E
263,H
264,D
265,E
266,F
267,E
268,C
269,C
270,B
271,B
272,C
273,B
274,I
275,I
276,C
277,D
278,D
279,B
280,I
281,F
282,E
283,E
284,D
285,E
286,H
287,H
288,F
289,F
290,E
291,B
292,B
293,D
294,C
295,B
296,G
297,A
298,F
299,I
300,A
301,C
302,E
303,F
304,E
305,B
306,I
307,F
308,D
309,F
310,E
311,B
312,E
313,I
314,D
315,G
316,A
317,G
318,A
319,I
320,I
321,C
322,F
323,G
324,A
325,H
326,C
327,H
328,E
329,D
330,D
331,I
332,C
333,F
334,B
335,C
336,F
337,D
338,F
339,A
340,A
341,G
342,B
343,F
344,E
345,F
346,B
347,D
348,B
349,C
350,H
351,H
352,D
353,I
354,A
355,B
356,E
357,D
358,A
359,C
360,D
361,D
362,A
363,B
364,C
365,D
366,F
367,E
368,I
369,H
370,E
371,F
372,F
373,F
374,H
375,I
376,I
377,I
378,H
379,B
380,B
381,C
382,E
383,A
384,F
385,B
386,G
387,A
388,G
389,C
390,A
391,B
392,C
393,B
394,C
395,E
396,I
397,C
398,F
399,D
400,D
401,H
402,E
403,A
404,I
405,B
406,G
407,C
408,G
409,A
410,I
411,B
412,B
413,G
414,D
415,H
416,B
417,H
418,H
419,E
420,D
421,B
422,B
423,D
424,H
425,D
426,E
427,H
428,I
429,A
430,H
431,I
432,B
433,D
434,D
435,C
436,G
437,E
438,H
439,D
440,H
441,C
442,F
443,F
444,I
445,A
446,I
447,I
448,H
449,H
450,A
451,D
452,F
453,A
454,H
455,A
456,E
457,B
458,G
459,B
460,E
461,F
462,C
463,G
464,H
465,B
466,A
467,I
468,B
469,I
470,C
471,B
472,F
473,A
474,I
475,C
476,I
477,G
478,D
479,E
480,C
481,I
482,I
483,I
484,B
485,D
486,B
487,E
488,H
489,F
490,I
491,G
492,D
493,C
494,B
495,A
496,G
497,G
498,C
499,B
500,D
501,B
502,D
503,H
504,D
505,E
506,C
507,A
508,H
509,B
510,B
511,G
512,E
513,F
514,C
515,C
516,C
517,F
518,I
519,F
520,D
521,G
522,B
523,G
524,I
525,C
526,G
527,D
528,F
529,D
530,F
531,B
532,A
533,B
534,G
535,E
536,I
537,H
538,H
539,H
540,F
541,C
542,F
543,C
544,C
545,F
546,E
547,B
548,I
549,D
550,F
551,H
552,C
553,G
554,F
555,A
556,F
557,G
558,D
559,H
560,D
561,A
562,I
563,G
564,B
565,A
566,B
567,H
568,E
569,E
570,E
571,A
572,I
573,H
574,H
575,D
576,E
577,A
578,I
579,F
580,G
581,H
582,H
583,H
584,G
585,F
586,I
587,F
588,F
589,E
590,H
591,A
592,F
593,B
594,B
595,A
596,G
597,D
598,F
599,C
600,A
601,A
602,B
603,H
604,G
605,B
606,H
607,F
608,G
609,E
610,F
611,G
612,A
613,I
614,G
615,F
616,C
617,E
618,I
619,F
620,G
621,A
622,A
623,G
624,A
625,I
626,A
627,A
628,A
629,B
630,A
631,F
632,A
633,F
634,H
635,E
636,A
637,F
638,D
639,D
640,G
641,G
642,A
643,F
644,E
645,C
646,F
647,G
648,G
649,D
650,D
651,I
652,H
653,C
654,B
655,E
656,D
657,H
658,G
659,D
660,C
661,B
662,D
663,C
664,B
665,E
666,A
667,I
668,F
669,D
670,F
671,H
672,B
673,E
674,E
675,I
676,C
677,G
678,F
679,I
680,I
681,D
682,H
683,C
684,G
685,E
686,H
687,H
688,B
689,F
690,A
691,H
692,H
693,B
694,C
695,F
696,H
697,E
698,E
699,D
700,G
701,G
702,A
703,E
704,E
705,H
706,C
707,H
708,A
709,I
710,A
711,E
712,B
713,I
714,G
715,I
716,B
717,D
718,A
719,I
720,G
721,I
722,A
723,G
724,A
725,I
726,A
727,I
728,A
729,A
730,G
731,D
732,G
733,E
734,D
735,H
736,C
737,I
738,F
739,G
740,A
741,I
742,I
743,F
744,I
745,E
746,D
747,G
748,D
749,I
750,G
751,C
752,A
753,C
754,F
755,I
756,B
757,G
758,G
759,E
760,I
761,G
762,C
763,E
764,E
765,H
766,G
767,D
768,H
769,F
770,G
771,F
772,B
773,H
774,H
775,F
776,F
777,I
778,I
779,I
780,F
781,E
782,F
783,H
784,E
785,C
786,C
787,E
788,C
789,A
790,I
791,F
792,B
793,H
794,D
795,H
796,A
797,C
798,F
799,G
800,D
801,A
802,B
803,D
804,B
805,B
806,H
807,G
808,B
809,B
810,C
811,A
812,G
813,I
814,B
815,A
816,C
817,F
818,D
819,H
820,E
821,G
822,H
823,E
824,A
825,B
826,A
827,G
828,F
829,D
830,A
831,F
832,G
833,I
834,I
835,C
836,G
837,H
838,F
839,F
840,H
841,B
842,D
843,I
844,A
845,F
846,G
847,G
848,H
849,H
850,A
851,G
852,G
853,B
854,F
855,C
856,C
857,G
858,A
859,B
860,A
861,F
862,A
863,G
864,G
865,B
866,D
867,F
868,D
869,A
870,B
871,F
872,F
873,B
874,B
875,I
876,C
877,C
878,E
879,E
880,H
881,C
882,E
883,C
884,D
885,B
886,H
887,G
888,H
889,C
890,C
891,E
892,H
893,F
894,A
895,F
896,B
897,G
898,D
899,D
900,I
901,A
902,H
903,H
904,E
905,H
906,C
907,H
908,H
909,D
910,H
911,H
912,A
913,C
914,B
915,I
916,F
917,A
918,H
919,I
920,G
921,C
922,C
923,F
924,G
925,C
926,H
927,F
928,C
929,F
930,F
931,E
932,G
933,G
934,H
935,H
936,G
937,A
938,F
939,B
940,I
941,A
942,A
943,D
944,B
945,F
946,E
947,B
948,E
949,E
950,D
951,I
952,E
953,A
954,D
955,E
956,F
957,D
958,C
959,E
960,F
961,C
962,H
963,A
964,B
965,D
966,C
967,F
968,E
969,A
970,B
971,F
972,B
973,C
974,I
975,G
976,B
977,D
978,H
979,I
980,H
981,I
982,A
983,C
984,G
985,D
986,A
987,H
988,A
989,F
990,E
991,B
992,A
993,C
994,H
995,D
996,D
997,G
998,D
999,C
1000,I
